Offering ID,Offering Type,Offering Title,Created Date
S-0001111,Consulting Service,Neptune Network Strategies,"Tue, 27 Nov 2018 21:52:58 GMT"
S-0001112,Consulting Service,BioTech Innovations on Cloud Nine,"Fri, 16 Nov 2018 21:48:52 GMT"
S-0001113,Consulting Service,HealthTech Cloud Strategies,"Wed, 21 Nov 2018 20:17:16 GMT"
S-0001114,Software Product,CyberGuardian Health Metrics,"Sun, 25 Nov 2018 17:21:26 GMT"
S-0001115,Software Product,AquaBill Transformation Suite,"Mon, 26 Sep 2022 13:46:58 GMT"
S-0001116,Consulting Service,Prodigy Talent Incubator,"Tue, 30 Aug 2022 20:52:56 GMT"
S-0001117,Consulting Service,CloudShield Centralized Security,"Thu, 08 Sep 2022 23:21:12 GMT"
S-0001118,Professional Service,CloudShield Foundations,"Thu, 08 Sep 2022 23:24:21 GMT"
S-0001119,Professional Service,CloudShield Custom Solutions,"Thu, 08 Sep 2022 23:13:48 GMT"
S-0001120,Consulting Service,DataStream Network Upgrade,"Tue, 23 Jul 2019 14:38:02 GMT"
S-0001121,Software Product,CloudPulse APM on NebulaNet,"Tue, 24 Dec 2019 12:10:12 GMT"
S-0001122,Software Product,Snowball Sync Service,"Fri, 27 Dec 2019 12:33:20 GMT"
S-0001123,Software Product,DevOps Dynamics Consulting,"Fri, 27 Dec 2019 10:23:46 GMT"
S-0001124,Software Product,DataStream Transformation Suite,"Fri, 27 Dec 2019 10:23:53 GMT"
S-0001125,Software Product,Sailor® Monitoring and Management,"Tue, 24 Dec 2019 12:13:13 GMT"
S-0001126,Software Product,Compass® Financial Operations on NebulaNet,"Tue, 24 Dec 2019 12:20:24 GMT"
S-0001127,Software Product,RiskRadar Leak Detection Audit,"Tue, 24 Dec 2019 12:28:35 GMT"
S-0001128,Software Product,NebulaNet Disaster Recovery,"Tue, 24 Dec 2019 13:43:17 GMT"
S-0001129,Consulting Service,COREVISION Competence,"Fri, 14 Feb 2020 17:21:21 GMT"
S-0001130,Consulting Service,GlobalTech Microsoft Workload Mastery,"Tue, 25 Feb 2020 00:30:31 GMT"
S-0001131,Consulting Service,CloudPulse APM on NebulaNet,"Mon, 11 Nov 2019 16:25:53 GMT"
S-0001132,Consulting Service,Sailor® 24x7 Cloud Management,"Mon, 11 Nov 2019 13:01:16 GMT"
S-0001133,Consulting Service,Snowball Sync Service,"Mon, 11 Nov 2019 15:00:18 GMT"
S-0001134,Consulting Service,RiskRadar Compliance Audit,"Mon, 11 Nov 2019 12:03:58 GMT"
S-0001135,Consulting Service,Compass® Financial Operations on NebulaNet,"Mon, 11 Nov 2019 12:30:43 GMT"
S-0001136,Consulting Service,NebulaNet Disaster Recovery,"Fri, 08 Nov 2019 14:37:40 GMT"
S-0001137,Consulting Service,NebulaNet Storage Solutions,"Tue, 24 Sep 2019 14:50:55 GMT"
S-0001138,Consulting Service,Insightful Platform Solutions,"Tue, 19 Dec 2017 21:24:55 GMT"
S-0001139,Consulting Service,NextGen Tech DevOps,"Tue, 31 Oct 2017 20:03:05 GMT"
S-0001140,Software Product,Fantasy League Challenger,"Tue, 19 Dec 2017 14:51:09 GMT"
S-0001141,Software Product,SportsFan Web Hub,"Tue, 19 Dec 2017 14:52:20 GMT"
S-0001142,Consulting Service,AI-Driven Machine Insights,"Thu, 10 May 2018 17:51:06 GMT"
S-0001143,Software Product,RaceDay Interactive Challenge,"Tue, 13 Feb 2018 10:51:00 GMT"
S-0001144,Software Product,Global Soccer Challenge,"Tue, 13 Feb 2018 10:48:16 GMT"
S-0001145,Consulting Service,Applied Intelligence Solutions,"Wed, 09 May 2018 19:18:54 GMT"
S-0001146,Consulting Service,DataSphere Big Data Solutions,"Mon, 11 Jun 2018 17:33:23 GMT"
S-0001147,Software Product,Managed Service Orchestrator,"Fri, 15 Jun 2018 11:45:36 GMT"
S-0001148,Software Product,PricePoint Analytics,"Sat, 23 May 2015 07:00:00 GMT"
S-0001149,Consulting Service,CloudWork Microsoft Solutions on NebulaNet,"Tue, 03 Apr 2018 19:23:16 GMT"